title,legacy_id,description,author
article #1 title,3461,description for article #1,author1
article #2 title,3462,description for article #2,author1
article #3 title,3463,description for article #3,author1
article #4 title,3464,description for article #4,author1
article #5 title,3465,description for article #5,author1
article #6 title,3466,description for article #6,author1
article #7 title,3467,description for article #7,author1
article #8 title,3468,description for article #8,author1
article #9 title,3469,description for article #9,author1
article #10 title,3470,description for article #10,author1
article #11 title,3471,description for article #11,author1
article #12 title,3472,description for article #12,author1
article #13 title,3473,description for article #13,author1
article #14 title,3474,description for article #14,author1
article #15 title,3475,description for article #15,author1
article #16 title,3476,description for article #16,author1
article #17 title,3477,description for article #17,author1
article #18 title,3478,description for article #18,author1
article #19 title,3479,description for article #19,author1
article #20 title,3480,description for article #20,author1
article #21 title,3481,description for article #21,author1
article #22 title,3482,description for article #22,author1
article #23 title,3483,description for article #23,author1
article #24 title,3484,description for article #24,author2
article #25 title,3485,description for article #25,author2
article #26 title,3486,description for article #26,author2
article #27 title,3487,description for article #27,author2
article #28 title,3488,description for article #28,author2
article #29 title,3489,description for article #29,author2
article #30 title,3490,description for article #30,author2
article #31 title,3491,description for article #31,author2
article #32 title,3492,description for article #32,author2
article #33 title,3493,description for article #33,author2
article #34 title,3494,description for article #34,author2
article #35 title,3495,description for article #35,author2
article #36 title,3496,description for article #36,author2
article #37 title,3497,description for article #37,author2
article #38 title,3498,description for article #38,author2
article #39 title,3499,description for article #39,author2
article #40 title,3500,description for article #40,author3
article #41 title,3501,description for article #41,author3
article #42 title,3502,description for article #42,author3
article #43 title,3503,description for article #43,author3
article #44 title,3504,description for article #44,author3
article #45 title,3505,description for article #45,author3
article #46 title,3506,description for article #46,author3
article #47 title,3507,description for article #47,author3
article #48 title,3508,description for article #48,author3
article #49 title,3509,description for article #49,author3
article #50 title,3510,description for article #50,author3
article #51 title,3511,description for article #51,author3
article #52 title,3512,description for article #52,author3
article #53 title,3513,description for article #53,author3
article #54 title,3514,description for article #54,author3
article #55 title,3515,description for article #55,author3
article #56 title,3516,description for article #56,author3
article #57 title,3517,description for article #57,author3
article #58 title,3518,description for article #58,author3
article #59 title,3519,description for article #59,author3